{"cameraMode":{"drawMode":0,"name":"Shaded","section":"Shading Mode"},"sceneLighting":true,"audioPlay":false,"sceneViewState":{"m_AlwaysRefresh":false,"showFog":true,"showSkybox":true,"showFlares":true,"showImageEffects":true,"showParticleSystems":true,"showVisualEffectGraphs":true,"m_FxEnabled":true},"in2DMode":false,"pivot":{"x":-0.20011912286281587,"y":-1.5420993566513062,"z":-1.1184263229370118},"rotation":{"x":0.10916803777217865,"y":0.045134544372558597,"z":-0.005281232763081789,"w":0.9931155443191528},"size":0.8660253882408142,"orthographic":false}