{"cameraMode":{"drawMode":0,"name":"Shaded","section":"Shading Mode"},"sceneLighting":true,"audioPlay":false,"sceneViewState":{"m_AlwaysRefresh":false,"showFog":true,"showSkybox":true,"showFlares":true,"showImageEffects":true,"showParticleSystems":true,"showVisualEffectGraphs":true,"m_FxEnabled":true},"in2DMode":false,"pivot":{"x":1.6279245615005494,"y":-0.9231946468353272,"z":-0.8709774017333984},"rotation":{"x":-0.06074826791882515,"y":0.47569194436073305,"z":0.0326259471476078,"w":0.8770538568496704},"size":2.0660252571105959,"orthographic":false}